EmployeeID,FirstName,LastName,Email,PhoneNumber,Address,DOB,SSN,JobTitle,Department,StartDate,Salary
3035,Shelby,Riddle,tracy67@example.net,(437)438-6655x860,"864 Joy Cape Suite 827, Johnsberg, UT 52710",1973-06-30,290-34-6058,"Scientist, research (life sciences)",Finance,2016-05-26,101997.94
6704,James,Gonzalez,cfoster@example.org,(467)319-1322,"7593 Todd Estate, Salinasland, PR 18330",2002-12-06,440-51-4206,TEFL teacher,IT,2016-09-30,107595.6
4731,Jonathan,Duncan,james77@example.org,695.612.5011,"12244 Montoya Forks Apt. 015, Lake Heather, MO 44826",1996-05-30,691-74-9744,"Producer, radio",Engineering,2018-02-28,43235.54
8403,Robert,Rosales,pkim@example.org,795.566.2042x163,"PSC 0672, Box 6994, APO AP 66357",1995-02-16,418-82-8763,"Scientist, physiological",Sales,2025-03-13,100998.65
6802,Paul,Goodman,sarabell@example.net,818-306-8721x6405,"39603 Richard Cape, North Benjamin, NE 84209",1966-08-05,693-42-8851,Market researcher,Finance,2018-02-03,43247.2
4382,Peter,Shannon,laurabryant@example.org,(585)212-6616x680,"3090 Matthews Center, Port Maryside, KS 05956",1967-09-03,401-49-8208,"Production designer, theatre/television/film",Sales,2017-01-10,71993.47
5426,Sonya,Gallegos,taylorjoseph@example.com,(248)219-9639,"77901 Denise Turnpike, West John, GA 02742",2000-12-07,161-79-6678,Primary school teacher,HR,2018-06-24,130250.59
8785,Nancy,Grant,jford@example.com,001-223-285-9125,"11627 Mckinney Flat Suite 954, West Janeland, ID 18383",1972-09-08,515-23-6026,Water engineer,Sales,2023-04-09,86012.55
7484,Reginald,Watson,pparker@example.net,001-985-521-9008x728,"45794 Richard Stravenue Apt. 958, Maynardstad, OK 55578",2005-04-23,483-15-8452,"Physicist, medical",IT,2018-12-05,123711.93
1679,Mariah,Anderson,imcdonald@example.net,+1-280-560-6667x27461,"63453 Tiffany Islands Apt. 930, Port Elijah, IL 42621",1998-07-09,610-92-3789,Armed forces logistics/support/administrative officer,Sales,2018-01-06,65053.72
2738,Jessica,Berry,cassandra46@example.org,391-476-1438x224,"1872 Harrison Garden, West Davidmouth, NM 53406",1971-02-07,585-51-8128,Orthoptist,Sales,2015-08-22,120473.91
9916,Shannon,Peterson,goodhenry@example.com,240.326.8657x836,"465 Amber Dale, Martinburgh, TN 59133",2004-11-03,766-51-7288,Volunteer coordinator,HR,2019-04-18,45430.19
2364,Charles,Stephens,adamsmelanie@example.org,5504228441,"PSC 5144, Box 8140, APO AE 34439",1987-10-21,331-35-7489,Ranger/warden,Engineering,2022-04-02,75905.68
5953,Dennis,Mitchell,ubrown@example.org,264.900.1522x323,"5227 Guzman Unions Apt. 016, Gonzalesfurt, MI 02606",1984-09-08,680-08-0113,IT technical support officer,Finance,2018-01-26,124188.48
7277,Barbara,Maxwell,rosswilliam@example.com,384.656.3923x7798,"USNV Williams, FPO AP 84056",1996-06-04,815-43-0773,Advertising art director,Engineering,2015-11-26,81536.23
9678,Francis,Clark,williamsshawn@example.net,8098782860,"501 Patricia Land Suite 864, Port Melissaview, DE 08167",1978-04-13,526-13-8888,"Engineer, water",Sales,2019-07-25,107066.01
1920,Brendan,Smith,mcox@example.net,+1-220-770-3077,"144 Russell Field Apt. 489, New Lindseyburgh, NE 25129",2003-04-06,824-68-1401,"Therapist, horticultural",IT,2023-12-12,67364.35
2758,Jason,Simpson,robin24@example.net,445-303-6037x18873,"51350 Carey Street Apt. 287, Davidberg, MN 81844",2006-03-23,555-99-8648,Radio producer,HR,2021-01-25,61004.17
4024,Misty,Walker,hdominguez@example.org,+1-723-239-6860x5541,"36514 Robin Loop, Port Patrick, VT 94480",1972-09-12,238-38-4499,Analytical chemist,IT,2015-07-23,101617.67
4567,Zachary,Soto,jonathanhall@example.com,+1-700-756-9185x68649,"354 Ibarra Mews, Smithburgh, SC 44789",1987-07-25,518-24-3227,"Engineer, structural",Sales,2022-03-07,96179.51
3390,Rhonda,Diaz,zachary19@example.net,001-700-453-2608,"6268 Gould Grove Suite 683, Jasonton, ID 47992",1961-08-24,363-26-0434,Further education lecturer,IT,2017-01-30,74839.44
6139,Samantha,Watkins,gphillips@example.com,(919)334-4033x63042,"36856 Thompson Common, South Julie, UT 64044",1988-04-22,601-35-7016,Housing manager/officer,IT,2021-01-05,56126.16
1300,James,Camacho,lroberts@example.com,(504)633-2290,"8030 David Fords Suite 902, Natashaville, VT 31720",1986-10-03,360-17-0488,Chief Marketing Officer,Sales,2021-08-15,126650.52
5089,Linda,Smith,leerachel@example.net,779-632-2037,"1559 Pamela Rapids Suite 394, Port Johnberg, NJ 93558",1962-01-19,387-97-6917,Museum/gallery exhibitions officer,Sales,2024-06-23,140543.28
4049,Anna,Davis,ahunter@example.com,705-774-6782x567,"92473 Anderson Lake Suite 642, Hortonville, AS 56976",1986-11-19,862-97-1270,Counsellor,Sales,2016-12-07,139622.44
7556,Janice,Gaines,nathan30@example.com,(806)578-1662x618,"Unit 8322 Box 9459, DPO AA 33448",1998-11-05,625-55-5891,"Physicist, medical",Engineering,2020-05-23,81517.84
6722,Mary,Zhang,rubiotanner@example.org,(595)666-2490,"19562 Tony Camp Apt. 781, South Kathleen, VI 36188",1997-10-20,859-12-5694,Computer games developer,Engineering,2020-03-31,141520.5
2505,Brian,Zavala,waltermorris@example.net,595.924.5341x717,"3754 Rogers Locks, West Jennifer, ME 65374",2000-11-24,127-97-9750,"Optician, dispensing",Finance,2019-01-12,46605.6
9476,Susan,Ford,burnettelizabeth@example.com,631-843-8534x940,"42996 Powell Alley, New Tammyville, WY 56066",1976-01-17,455-78-6668,"Psychotherapist, child",Finance,2021-08-03,59869.15
5010,Margaret,Smith,richard43@example.org,+1-582-669-1735x76520,"PSC 8371, Box 8790, APO AP 21549",1962-12-02,172-61-3767,Fish farm manager,IT,2020-12-04,90391.32
5106,Tristan,Conley,jeffprice@example.com,882.425.8645x407,"11172 Shields Walks Apt. 872, West Michael, SC 76146",2000-08-29,597-87-0381,Higher education careers adviser,HR,2019-03-31,104261.46
3924,Norma,Maddox,jose03@example.net,5549661644,"5249 James Underpass, Cathyfort, ME 85223",1990-10-10,333-26-9090,Chemical engineer,Sales,2017-07-26,66105.95
9710,Jillian,Meza,charlesross@example.net,781.786.5441x7904,"25904 Dominguez Lights Suite 524, Christopherview, OK 76749",1971-10-24,565-88-2569,English as a second language teacher,Sales,2017-02-26,75687.14
8307,Chelsea,Ruiz,frowe@example.net,829-884-7582x918,"2354 Timothy Island, Hermanside, WV 20187",1966-10-10,821-64-4250,Prison officer,Sales,2024-01-17,141286.17
1936,Brandon,Randall,matthew44@example.org,001-493-403-7689x45031,"873 Lee Cape Suite 152, Maxwellside, OH 31015",1977-10-14,822-90-1408,Quality manager,Finance,2016-12-27,62040.2
6731,Vanessa,Russell,gravestracy@example.net,6966777809,"852 Gary Spur Suite 807, Anthonyfurt, ID 29900",1986-04-28,584-67-8848,Insurance account manager,IT,2021-07-15,79597.1
1999,Emily,Crawford,mwatson@example.com,(669)264-0576x30821,"24387 Park Prairie, New Phillipmouth, ID 64813",1968-08-17,335-94-6891,Ambulance person,IT,2021-10-11,123145.29
9469,Todd,Murphy,yjacobson@example.org,400-428-6376x3917,"22111 Melissa Village, Allenburgh, NE 61066",1987-03-05,279-10-1214,Haematologist,Engineering,2017-01-14,116179.55
7569,Megan,Davenport,keithjohnston@example.com,4966621292,"4481 Justin Summit Apt. 803, South Kathleenbury, SD 09363",1989-06-20,465-97-7637,"Engineer, maintenance",Finance,2017-11-27,83970.34
8674,Caroline,Thomas,richmondsandra@example.org,819.458.9791x22786,"PSC 4138, Box 5860, APO AE 01344",1972-01-06,390-83-6692,Dentist,IT,2018-03-14,42626.87
8378,Todd,Bautista,terribennett@example.net,(319)620-8236x222,"PSC 3716, Box 4689, APO AA 46824",2002-10-08,257-89-7769,Minerals surveyor,IT,2015-08-01,109381.61
1806,Eric,Brown,thompsonricardo@example.org,+1-501-462-4315,"5102 Glen Ford Apt. 749, Meltonmouth, LA 26908",1965-06-22,429-14-7719,Interpreter,Finance,2018-07-28,127554.14
9252,Jose,Smith,hallanthony@example.net,(566)958-0875x52938,"6647 Ford Lights Suite 964, East Rhonda, ID 95422",1981-07-09,137-08-6328,Animal technologist,Sales,2023-08-02,118824.23
3675,Kevin,Moore,katelyn49@example.net,807-275-3619x944,"05154 Lawrence Dam Suite 427, West Sherriton, SC 23943",1987-06-15,011-89-0694,Water quality scientist,HR,2016-04-09,40997.6
2639,Joseph,Smith,kellydana@example.com,+1-631-467-6541x249,"4112 Johnson Bridge, New Michaelfurt, AS 35692",1990-07-18,454-41-0529,Sales promotion account executive,HR,2023-05-07,111881.58
8882,Margaret,Alexander,lmelton@example.org,422-532-1018x3779,"356 Patton Villages Suite 659, New Tyler, FL 50136",1971-12-26,204-58-6779,Legal secretary,HR,2016-01-25,51738.91
2739,Tyler,Scott,ufowler@example.com,001-917-984-8634x4993,"22683 Carter Trace, Jackbury, SD 70921",1965-03-10,240-41-0094,Site engineer,Engineering,2021-04-24,136210.82
5159,Jacqueline,Goodman,sfleming@example.net,715-960-1835,"489 Lee Run Apt. 854, Port Karabury, NE 75761",1997-05-23,491-02-1906,Warden/ranger,IT,2018-10-09,75238.22
4530,Jason,Long,treed@example.com,+1-355-403-1457,"USNV Berg, FPO AA 86073",1966-08-12,310-22-4262,"Investment banker, corporate",Finance,2024-04-24,147980.66
7179,Hannah,Stone,dreynolds@example.org,250-523-5097x94108,"701 Bradley Parkways Apt. 900, Michaelchester, VI 39789",1999-05-13,888-39-3556,Statistician,Finance,2016-02-29,113123.2
8526,Johnathan,Wilkinson,padillakeith@example.net,565.534.3970,"65941 Shawn Greens Suite 336, Victorland, AL 17355",1984-08-24,400-91-9234,Aeronautical engineer,Finance,2020-08-24,136640.08
5673,Steven,Byrd,danielbrooks@example.net,5485346450,"62134 Holloway Plaza, South Joe, WV 83744",1970-01-29,076-04-3099,"Engineer, manufacturing",IT,2017-07-27,108839.49
7023,Jesus,Marquez,campbellbrandon@example.com,906.516.0418,"0821 Matthew Forges Suite 614, Rhodesport, ME 99241",1987-04-13,722-45-5045,Comptroller,Sales,2017-04-11,148211.52
5839,Tanya,Coleman,regina55@example.com,208.635.4664x7287,"8348 Heather Land, Lake Victorview, UT 35338",1979-12-06,300-45-2146,Patent examiner,Engineering,2024-01-10,46816.3
6552,Teresa,Hill,ufields@example.org,001-455-926-7775,"35048 Joseph Street, Wileyport, HI 41898",1982-05-17,780-51-1947,"Radiographer, therapeutic",Finance,2023-04-30,116671.93
2302,Barbara,Buckley,jamesparks@example.com,(765)673-7264,"91008 Blankenship Mission Apt. 904, Markhaven, UT 94753",1977-05-10,233-43-5200,"Engineer, maintenance (IT)",IT,2017-03-01,121697.35
8362,Marcus,Nichols,jason02@example.org,(486)964-8211x697,"PSC 8642, Box 6216, APO AA 17112",1983-11-18,476-34-4042,Health promotion specialist,Sales,2018-01-19,94087.42
2325,Christopher,Rivera,curtis77@example.org,(942)633-5443x71439,"684 Marilyn Manor Suite 277, Jefferyfurt, KY 17114",1992-09-18,299-48-5245,Diagnostic radiographer,Engineering,2020-05-23,91967.53
7499,Johnny,Warren,christinecollins@example.net,673-436-3573,"USS Anderson, FPO AP 47107",1994-07-29,858-97-4780,Economist,Finance,2025-03-08,51404.19
7315,Charlotte,Young,ybrady@example.net,281-604-9248x786,"95491 Monica Fords Suite 508, Lanebury, NJ 72278",1969-03-28,594-30-9794,Race relations officer,Finance,2024-09-27,112404.25
9022,Angela,Oliver,matthewcohen@example.net,(345)418-2215x858,"755 Walsh Coves Suite 050, Martinfort, AZ 04210",2004-02-22,229-59-7360,Film/video editor,Finance,2016-05-13,85501.61
8951,Joshua,Wilson,phillip97@example.com,670.223.0044,"50519 Daniel Forest Suite 382, Kellyhaven, OK 78322",1963-12-16,537-26-5315,Community development worker,Sales,2017-06-12,44529.18
9945,Judy,Gomez,gspencer@example.net,623.678.7040x2469,"59320 Smith Club, Lake Shelbyland, NY 14710",1994-02-14,115-84-0705,Chief Marketing Officer,IT,2019-11-10,131724.11
4008,Anthony,Porter,ylarson@example.org,504-600-0138x16578,"3198 Mia Pike, Jacobville, OR 07430",1984-01-30,764-23-1055,Call centre manager,IT,2016-06-03,111788.37
3410,Tanner,Flowers,umeadows@example.com,326.617.1280,"78004 Hannah Mission Apt. 335, Johnsonhaven, IL 55667",1990-06-01,408-57-4466,Chartered loss adjuster,Sales,2021-12-15,127271.16
7659,Ryan,Washington,briannacasey@example.org,001-801-592-1640x4560,"982 Alex Viaduct, North Joseph, AR 41823",1987-03-22,250-18-1579,Structural engineer,IT,2025-02-12,112671.22
2223,Jared,Chavez,patricia84@example.org,803.704.0659x368,"455 Morris Canyon, Foxchester, HI 79008",1962-03-01,604-19-7690,Housing manager/officer,Sales,2016-08-28,59272.19
1966,Sara,Andrews,carsonthomas@example.com,491.531.3560x52638,"5730 Karen Wall, New Robin, KY 87500",1990-03-27,865-52-5573,Heritage manager,Engineering,2017-11-20,148357.39
3809,Phillip,Ryan,herreraerik@example.com,5956035422,"02504 Veronica Lodge, New April, NM 15786",1963-05-22,060-48-3555,General practice doctor,HR,2018-08-20,50108.58
5773,Raymond,Douglas,charlesmiller@example.org,763.692.2288,"469 Julia Trail Apt. 882, Andersonton, DE 92967",2002-10-26,359-02-2374,Learning disability nurse,Sales,2022-02-17,71090.34
4672,Audrey,Townsend,kellybrian@example.net,637-397-0678x445,"87381 Lucas Views, Lake Elizabeth, OR 76029",1969-06-13,212-74-6879,Environmental consultant,HR,2021-04-29,48773.13
2831,Emily,Robinson,tsampson@example.com,001-905-430-8412x752,"1227 Patricia River, Lake Danielhaven, OH 64246",1975-03-11,472-05-5656,Broadcast engineer,IT,2015-08-22,85638.54
7036,Edward,Perez,josephhernandez@example.org,320-659-1300x75760,"415 Ana Lock, Jonathantown, NV 75032",1961-09-25,289-32-7253,"Runner, broadcasting/film/video",Finance,2016-10-18,105643.44
8862,Mike,Gordon,hwilliams@example.com,939-515-2495x02327,"76346 Ball Ville, Elliotttown, GA 68908",1960-06-15,754-87-6676,Maintenance engineer,IT,2019-01-30,104441.51
2120,Robert,Brown,william36@example.org,(346)360-9393x220,"318 Stacy Drive, Port Pennyton, UT 78820",1978-11-14,682-43-0922,Planning and development surveyor,Finance,2024-10-23,89116.49
7601,William,Hickman,hardingrobert@example.com,+1-821-658-4248x38028,"38843 Tommy Coves, Rileyfort, WA 50832",1978-08-25,622-74-8335,Health service manager,IT,2017-03-06,147494.35
9574,Shelia,Lowe,michael90@example.net,4602519351,"764 Wong Mills Apt. 704, North Alexandra, WA 30823",2005-04-11,037-61-8952,Regulatory affairs officer,IT,2018-08-14,55069.93
1508,William,Smith,william06@example.net,001-434-216-8671x69425,"24155 Patrick Plains, South Calebchester, MI 37975",1977-03-31,165-54-6631,Product designer,Engineering,2017-10-24,107155.95
2722,Jeremiah,Myers,jtorres@example.net,712-471-4070,"76168 Timothy Rest Suite 663, Port Craigmouth, WA 63003",1995-12-26,014-66-2845,Optometrist,Finance,2019-12-07,128423.23
2502,Robert,Warner,donaldpotter@example.net,381.809.1241x556,"47934 Flores Roads Suite 842, West Kimberly, MA 14400",2007-01-13,853-38-5805,"Surveyor, planning and development",HR,2020-08-13,74002.71
9684,Christopher,Pena,nnolan@example.com,897.307.3404x9473,"6665 Burke Estates Suite 814, South Rodney, VA 66312",1989-11-01,546-52-1336,"Geologist, engineering",Finance,2016-05-07,75788.7
2665,Austin,Bates,eburch@example.org,987.925.7117x91623,"574 Bill Light, Edwardsport, AZ 05569",1990-06-17,231-98-2990,Actor,Finance,2021-07-06,105827.43
1443,Rick,Mckay,lynnmichael@example.net,(857)820-4807x7427,"6404 Park Lake, Brownville, PA 74912",1978-02-19,777-18-4967,Commercial art gallery manager,HR,2022-05-13,58485.21
8312,Angel,Carson,carlosschultz@example.org,9722599292,"3624 Melody Inlet Suite 306, North Richard, SD 61616",1967-04-29,838-42-1277,Trade mark attorney,Engineering,2019-05-27,137266.43
3805,Jessica,Jimenez,nedwards@example.com,5334418312,"7231 Grant Point Apt. 180, East Danachester, IL 59987",2000-10-20,029-19-4824,"Conservator, museum/gallery",HR,2018-02-18,123342.67
5016,Monique,Reyes,annebutler@example.net,609.568.8287x46784,"6469 Riley Well, Meganstad, IN 29963",1970-12-30,349-96-3825,Senior tax professional/tax inspector,IT,2021-06-15,139532.41
5834,Michael,Ruiz,matthewmartinez@example.org,(459)970-3784x5192,"9361 Katherine Manors, West Daniellebury, UT 70829",1979-01-29,626-77-2602,Rural practice surveyor,IT,2019-05-14,49217.44
2163,Alan,Lee,msmith@example.net,353.723.7122,"60293 Elizabeth Springs Apt. 814, Port Amanda, IN 17900",1982-12-16,154-81-8800,"Administrator, education",Finance,2016-07-28,81389.44
1326,Olivia,Steele,matthew60@example.com,(839)265-0417x030,"PSC 7433, Box 8899, APO AE 55598",1982-08-17,698-66-4956,"Teacher, special educational needs",Sales,2025-02-27,79399.15
7931,Brian,Ali,torresannette@example.com,(471)414-8674,"2757 William Coves, Knighttown, NV 49981",1964-12-07,216-23-1366,Psychiatrist,Finance,2015-11-01,62064.48
8770,Amanda,Ayala,craig41@example.org,4914336763,"12029 Leonard Track, Jennifershire, TX 77235",1959-08-25,553-12-5581,Museum/gallery exhibitions officer,Finance,2017-03-27,101164.25
4336,Frances,Ross,christophersimmons@example.com,001-957-523-1953x95030,"811 Kaylee Expressway, East Scott, DC 94241",1991-12-29,800-92-5024,"Administrator, arts",Engineering,2024-09-20,58221.87
7396,Kevin,Conner,ehaynes@example.org,809.597.4566x65311,"Unit 6284 Box 3880, DPO AE 47178",1967-03-13,081-20-4628,Administrator,Engineering,2015-08-28,114804.55
3327,Douglas,Cobb,jjohnson@example.org,+1-320-293-6736x34410,"0150 Oneal Island Apt. 441, Port Melissachester, GU 22320",1991-12-08,771-57-8756,Newspaper journalist,Sales,2024-05-13,142685.53
4276,Robert,Freeman,vmathis@example.net,393-565-0305x287,"57675 Andrew Views Suite 795, South Jamestown, DC 92677",1992-02-20,114-91-9345,Ophthalmologist,Engineering,2020-10-07,73594.05
4087,Daniel,Anderson,rachel93@example.net,(287)478-3341x378,"289 Allen Hill, Reginaberg, WY 59035",2003-11-23,396-58-4846,Structural engineer,HR,2020-04-17,119459.48
6099,Sonya,Zamora,david94@example.net,982.890.9971,"453 Martinez Lakes Apt. 444, Port Anthony, PW 99867",2005-02-07,334-39-5283,IT consultant,Sales,2017-06-12,104351.82
9232,Dawn,Cervantes,grivera@example.org,(505)899-0491x3726,"941 Robert Inlet, Lake Jennifer, PW 65967",1999-03-17,214-75-3346,Publishing copy,IT,2020-08-13,70772.43
1918,Tanya,Martin,kimberlythomas@example.org,+1-386-892-6025x0679,"28156 Christopher Squares, Joshuachester, TX 22177",1987-06-11,391-29-8165,"Lecturer, further education",Sales,2020-08-10,126332.57
9462,Angela,Brock,howelltroy@example.org,001-251-562-7321x114,"3671 Jason Alley, Krystalstad, IL 46751",1998-05-18,509-22-8359,Diagnostic radiographer,Sales,2016-09-06,143839.3
